client_id,client_name,client_type,request_raw,underlyings,theme,directional_view,target_return,return_type,maturity_years,notional,currency,downside_tolerance,capital_protection,income_preference,autocall_acceptance,risk_appetite,complexity_tolerance,requested_product_family,memory_requested
CL001,Alpha AM,Asset Manager,"We want a 2-year income solution on META. USD 5m. Target annual income around 8%, autocall acceptable, with a 35% downside buffer.",['META'],Technology,neutral,0.08,income,2.0,5000000.0,USD,0.35,0.65,True,True,medium,high,,False
CL002,Helios Private Bank,Private Bank,"Client wants an 18-month income note on Apple. USD 2m. Around 7% annual coupon, early redemption is fine, with a 70% protection barrier.",['AAPL'],Technology,neutral,0.07,income,1.5,2000000.0,USD,0.30000000000000004,0.7,True,True,medium,high,,False
CL003,Cedar Grove AM,Asset Manager,"We want a 3-year Phoenix on Nvidia. USD 6m. Conditional coupon around 9%, autocall acceptable and 35% downside buffer.",['NVDA'],Technology,neutral,0.09,income,3.0,6000000.0,USD,0.35,0.65,True,True,medium,high,Phoenix,False
CL004,Northbridge Family Office,Family Office,"We want a 2-year memory Phoenix on Microsoft. USD 4m. Recurring income is the objective, with missed coupons recoverable and a 65% protection barrier.",['MSFT'],Technology,neutral,,income,2.0,4000000.0,USD,0.35,0.65,True,False,medium,high,Memory Phoenix,True
CL005,Mariner PB,Private Bank,"Need an 18-month Athena on Microsoft. USD 3m. Target coupon 6%, early redemption acceptable, with a 70% protection barrier.",['MSFT'],Technology,neutral,0.06,income,1.5,3000000.0,USD,0.30000000000000004,0.7,True,True,medium,high,Athena,False
CL006,Summit AM,Asset Manager,"Client wants a 2-year single-name autocallable on Amazon with regular income. USD 8m. Target around 8%, 35% downside tolerance.",['AMZN'],Technology,neutral,0.08,income,2.0,8000000.0,USD,0.35,0.65,True,True,medium,high,,False
CL007,Montclair PB,Private Bank,"Need a 1-year reverse convertible on Apple. USD 1m. Target coupon 7%, no autocall, and the client accepts equity downside at maturity.",['AAPL'],Technology,neutral,0.07,income,1.0,1000000.0,USD,,,True,False,medium,medium,Reverse Convertible,False
CL008,Stonebridge AM,Asset Manager,"We want a 2-year enhanced-yield note on META. USD 5m. Around 8% annual income, no autocall, single underlying.",['META'],Technology,neutral,0.08,income,2.0,5000000.0,USD,,,True,False,medium,medium,,False
CL009,Polar Private Office,Family Office,"Looking for an 18-month equity-linked note on Microsoft. USD 2m. Target yield 6%, no early redemption and moderate downside tolerance.",['MSFT'],Technology,neutral,0.06,income,1.5,2000000.0,USD,,,True,False,medium,medium,ELN,False
CL010,Argent Private Office,Family Office,I want a 1-year digital payoff on Amazon. USD 2m. Pay a fixed amount if AMZN finishes above the initial level.,['AMZN'],Technology,neutral,,binary_payout,1.0,2000000.0,USD,,,False,False,medium,high,Digital,False
CL011,Westlake FO,Family Office,Client wants a 1-year digital payoff on NVDA. USD 3m. Fixed payout if Nvidia finishes above 110% of the initial level.,['NVDA'],Technology,neutral,,binary_payout,1.0,3000000.0,USD,,,False,False,medium,high,Digital,False
CL012,Tamarind FO,Family Office,I want an 18-month barrier call on Amazon. USD 1m. Use a downside knock-out barrier and no coupon.,['AMZN'],Technology,neutral,,unspecified,1.5,1000000.0,USD,,,False,False,medium,high,Barrier,False
CL013,Regent PB,Private Bank,Client wants a 2-year barrier call on NVDA. USD 1.3m. Use a downside knock-out barrier and upside call exposure.,['NVDA'],Technology,bullish,,participation,2.0,1300000.0,USD,,,False,False,medium,high,Barrier,False
CL014,Keystone Investments,Asset Manager,We want a 1-year range accrual on the S&P 500. USD 9m. Income should accrue while the index stays between 85% and 115% of its initial level.,['^GSPC'],Broad Equity,neutral,,range_income,1.0,9000000.0,USD,,,True,False,medium,high,Range Accrual,False
CL015,Belgravia Wealth,Private Bank,Client is neutral on Tesla and wants a 12-month range accrual. USD 800k. Income should accrue while TSLA remains inside a broad corridor.,['TSLA'],Technology,neutral,,range_income,1.0,800000.0,USD,,,True,False,medium,high,Range Accrual,False
CL016,Boreal AM,Asset Manager,Need an 18-month strip of digitals on META. USD 4m. Several terminal strikes and fixed payouts.,['META'],Technology,neutral,,unspecified,1.5,4000000.0,USD,,,False,False,medium,high,Strip of Digitals,False
CL017,Maplewood FO,Family Office,Client wants a strip of digital payoffs on Apple over 1 year. USD 1.5m. Several terminal strike levels are acceptable.,['AAPL'],Technology,neutral,,binary_payout,1.0,1500000.0,USD,,,False,False,medium,high,Strip of Digitals,False
CL018,Meridian Wealth,Private Bank,We want a simple 1-year call option on Tesla. USD 1.5m. Client is bullish and wants pure upside exposure without coupons or autocall.,['TSLA'],Technology,bullish,,participation,1.0,1500000.0,USD,,,False,False,medium,medium,Vanilla,False
CL019,Cobalt Investments,Asset Manager,"Need a 2-year call option on META. USD 6m. Bullish view, no income objective, straightforward upside participation.",['META'],Technology,bullish,,participation,2.0,6000000.0,USD,,,False,False,medium,medium,Vanilla,False
CL020,Sienna PB,Private Bank,"Client wants a 2-year conservative income note on Apple. USD 1m. No autocall, target income around 5%, and downside protection matters.",['AAPL'],Technology,neutral,0.05,income,2.0,1000000.0,USD,,,True,False,low,medium,,False
CL021,Falcon AM,Asset Manager,"We want a 3-year income product on Nvidia. USD 10m. Autocall is acceptable, target coupon around 10%, and a 40% downside buffer is acceptable.",['NVDA'],Technology,neutral,0.1,income,3.0,10000000.0,USD,0.4,0.6,True,True,high,high,,False
CL022,Riviera FO,Family Office,I want recurring income on META for 30 months. USD 3m. Early redemption is acceptable and I would like a 65% protection barrier.,['META'],Technology,neutral,,income,2.5,3000000.0,USD,0.35,0.65,True,True,medium,high,,False
CL023,Beacon AM,Asset Manager,"We want a 2-year memory Phoenix on Apple. USD 7m. Target coupon 8%, autocall acceptable and missed coupons recoverable.",['AAPL'],Technology,neutral,0.08,income,2.0,7000000.0,USD,,,True,True,medium,high,Memory Phoenix,True
CL024,Harbour PB,Private Bank,Client wants enhanced yield on Amazon over 1 year. USD 2m. No autocall. Comfortable receiving equity downside if the stock finishes below strike.,['AMZN'],Technology,neutral,,income,1.0,2000000.0,USD,,,True,False,medium,medium,,False
CL025,Oakridge FO,Family Office,I want a fixed binary-style payout on Tesla in 12 months. USD 1m. No coupons and no early redemption.,['TSLA'],Technology,neutral,,binary_payout,1.0,1000000.0,USD,,,False,False,medium,medium,,False
CL026,Pioneer AM,Asset Manager,We are neutral on the S&P 500 for one year. USD 12m. We want income while the index stays in a broad range.,['^GSPC'],Broad Equity,neutral,,income,1.0,12000000.0,USD,,,True,False,medium,medium,,False
CL027,Arden PB,Private Bank,Client wants an autocallable income solution on Microsoft for 2 years. USD 2.5m. Simple fixed coupon mechanics are preferred.,['MSFT'],Technology,neutral,,income,2.0,2500000.0,USD,,,True,True,medium,high,,False
CL028,Juniper FO,Family Office,"We want a Phoenix on Amazon for 2 years. USD 2m. Conditional coupon, autocall observations and a 65% protection barrier.",['AMZN'],Technology,neutral,,income,2.0,2000000.0,USD,0.35,0.65,True,False,medium,medium,Phoenix,False
CL029,Peakstone AM,Asset Manager,"Need a 2-year equity-linked income note on NVDA. USD 8m. No autocall, target yield 7%, moderate downside risk.",['NVDA'],Technology,neutral,0.07,income,2.0,8000000.0,USD,,,True,False,medium,medium,,False
CL030,Solstice FO,Family Office,I want straightforward upside participation in the S&P 500 over 18 months. USD 3m. No coupon and no autocall.,['^GSPC'],Broad Equity,bullish,,participation,1.5,3000000.0,USD,,,False,False,medium,medium,,False
