ticker,maturity_years,moneyness,iv
META,1.0,0.8,0.34
META,1.0,1.0,0.3
META,1.0,1.2,0.285
META,2.0,0.8,0.328
META,2.0,1.0,0.288
META,2.0,1.2,0.273
META,3.0,0.8,0.316
META,3.0,1.0,0.276
META,3.0,1.2,0.261
NVDA,1.0,0.8,0.47
NVDA,1.0,1.0,0.43
NVDA,1.0,1.2,0.415
NVDA,2.0,0.8,0.458
NVDA,2.0,1.0,0.418
NVDA,2.0,1.2,0.403
NVDA,3.0,0.8,0.446
NVDA,3.0,1.0,0.406
NVDA,3.0,1.2,0.391
AAPL,1.0,0.8,0.3
AAPL,1.0,1.0,0.26
AAPL,1.0,1.2,0.245
AAPL,2.0,0.8,0.288
AAPL,2.0,1.0,0.248
AAPL,2.0,1.2,0.233
AAPL,3.0,0.8,0.276
AAPL,3.0,1.0,0.236
AAPL,3.0,1.2,0.221
MSFT,1.0,0.8,0.28
MSFT,1.0,1.0,0.24
MSFT,1.0,1.2,0.225
MSFT,2.0,0.8,0.268
MSFT,2.0,1.0,0.228
MSFT,2.0,1.2,0.213
MSFT,3.0,0.8,0.256
MSFT,3.0,1.0,0.216
MSFT,3.0,1.2,0.201
AMZN,1.0,0.8,0.35
AMZN,1.0,1.0,0.31
AMZN,1.0,1.2,0.295
AMZN,2.0,0.8,0.338
AMZN,2.0,1.0,0.298
AMZN,2.0,1.2,0.283
AMZN,3.0,0.8,0.326
AMZN,3.0,1.0,0.286
AMZN,3.0,1.2,0.271
TSLA,1.0,0.8,0.51
TSLA,1.0,1.0,0.47
TSLA,1.0,1.2,0.455
TSLA,2.0,0.8,0.498
TSLA,2.0,1.0,0.458
TSLA,2.0,1.2,0.443
TSLA,3.0,0.8,0.486
TSLA,3.0,1.0,0.446
TSLA,3.0,1.2,0.431
^GSPC,1.0,0.8,0.22
^GSPC,1.0,1.0,0.18
^GSPC,1.0,1.2,0.165
^GSPC,2.0,0.8,0.208
^GSPC,2.0,1.0,0.168
^GSPC,2.0,1.2,0.153
^GSPC,3.0,0.8,0.196
^GSPC,3.0,1.0,0.156
^GSPC,3.0,1.2,0.141
